Accuracy,Precision,Recall,F1_Score,AUC_ROC
0.8148148148148148,0.8240740740740741,0.7416666666666667,0.7807017543859649,0.9055277777777777
